{"cameraMode":{"drawMode":0,"name":"Shaded","section":"Shading Mode"},"sceneLighting":false,"audioPlay":false,"sceneViewState":{"m_AlwaysRefresh":false,"showFog":true,"showSkybox":false,"showFlares":true,"showImageEffects":true,"showParticleSystems":true,"showVisualEffectGraphs":true,"m_FxEnabled":true},"in2DMode":false,"pivot":{"x":0.0024070143699645998,"y":0.7843588590621948,"z":0.10437554121017456},"rotation":{"x":-0.09045391529798508,"y":-0.02778799645602703,"z":0.002512097591534257,"w":-0.9955500960350037},"size":1.3146944046020508,"orthographic":false}