{"cameraMode":{"drawMode":0,"name":"Shaded","section":"Shading Mode"},"sceneLighting":false,"audioPlay":false,"sceneViewState":{"m_AlwaysRefresh":false,"showFog":true,"showSkybox":false,"showFlares":true,"showImageEffects":true,"showParticleSystems":true,"showVisualEffectGraphs":true,"m_FxEnabled":true},"in2DMode":false,"pivot":{"x":-0.9999999403953552,"y":0.07845641672611237,"z":8.359999656677246},"rotation":{"x":-0.17983657121658326,"y":0.10219977796077728,"z":-0.018786540254950525,"w":-0.9782263040542603},"size":1.9507673978805543,"orthographic":false}