{"cameraMode":{"drawMode":0,"name":"Shaded","section":"Shading Mode"},"sceneLighting":false,"audioPlay":false,"sceneViewState":{"m_AlwaysRefresh":false,"showFog":true,"showSkybox":false,"showFlares":true,"showImageEffects":true,"showParticleSystems":true,"showVisualEffectGraphs":true,"m_FxEnabled":true},"in2DMode":false,"pivot":{"x":-0.2534870505332947,"y":1.0963530540466309,"z":0.08844783902168274},"rotation":{"x":-0.07852990180253983,"y":0.0056782979518175129,"z":-0.00045408689766190946,"w":-0.9969300627708435},"size":2.401623487472534,"orthographic":false}