{"cameraMode":{"drawMode":0,"name":"Shaded","section":"Shading Mode"},"sceneLighting":false,"audioPlay":false,"sceneViewState":{"m_AlwaysRefresh":false,"showFog":true,"showSkybox":false,"showFlares":true,"showImageEffects":true,"showParticleSystems":true,"showVisualEffectGraphs":true,"m_FxEnabled":true},"in2DMode":false,"pivot":{"x":-0.02500009536743164,"y":0.9284564852714539,"z":-8.940696716308594e-8},"rotation":{"x":-0.07373784482479096,"y":-0.014664986170828343,"z":0.0010633233468979598,"w":-0.9972115755081177},"size":3.0572712421417238,"orthographic":false}