{"cameraMode":{"drawMode":0,"name":"Shaded","section":"Shading Mode"},"sceneLighting":false,"audioPlay":false,"sceneViewState":{"m_AlwaysRefresh":false,"showFog":true,"showSkybox":false,"showFlares":true,"showImageEffects":true,"showParticleSystems":true,"showVisualEffectGraphs":true,"m_FxEnabled":true},"in2DMode":false,"pivot":{"x":-0.040433965623378757,"y":0.027752922847867013,"z":0.520613968372345},"rotation":{"x":-0.16840332746505738,"y":0.08239702880382538,"z":-0.014127841219305992,"w":-0.9821676015853882},"size":0.5229187607765198,"orthographic":false}