{"cameraMode":{"drawMode":0,"name":"Shaded","section":"Shading Mode"},"sceneLighting":false,"audioPlay":false,"sceneViewState":{"m_AlwaysRefresh":false,"showFog":true,"showSkybox":false,"showFlares":true,"showImageEffects":true,"showParticleSystems":true,"showVisualEffectGraphs":true,"m_FxEnabled":true},"in2DMode":false,"pivot":{"x":-1.1920928955078126e-7,"y":0.36378806829452517,"z":0.0000043138861656188969},"rotation":{"x":0.07613841444253922,"y":0.00509519362822175,"z":-0.0003815722302533686,"w":0.9971209764480591},"size":0.6124423742294312,"orthographic":false}