{"cameraMode":{"drawMode":0,"name":"Shaded","section":"Shading Mode"},"sceneLighting":false,"audioPlay":false,"sceneViewState":{"m_AlwaysRefresh":false,"showFog":true,"showSkybox":false,"showFlares":true,"showImageEffects":true,"showParticleSystems":true,"showVisualEffectGraphs":true,"m_FxEnabled":true},"in2DMode":false,"pivot":{"x":0.25159284472465517,"y":0.8533406853675842,"z":-0.02567678689956665},"rotation":{"x":-0.08928106725215912,"y":-0.015839453786611558,"z":0.0014345087110996247,"w":-0.9959103465080261},"size":2.203646421432495,"orthographic":false}